{
  "name": "query-endpoint",
  "runtime": "nodejs4.3",
  "description": "Serverless Lambda function for project: offcourse",
  "customName": false,
  "customRole": false,
  "handler": "index.handler",
  "timeout": 6,
  "memorySize": 128,
  "authorizer": {},
  "custom": {
    "excludePatterns": [],
    "cors": {
      "allowOrigin": "*",
      "allowHeaders": ["Content-Type", "X-Amz-Date", "Authorization", "X-Api-Key"]
    }
  },
  "endpoints": [
    {
      "path": "query-endpoint",
      "method": "POST",
      "type": "AWS",
      "authorizationType": "none",
      "authorizerFunction": false,
      "apiKeyRequired": false,
      "requestParameters": {},
      "requestTemplates": {
        "application/json": ""
      },
      "responses": {
        "400": {
          "statusCode": "400"
        },
        "default": {
          "statusCode": "200",
          "responseParameters": {},
          "responseModels": {
            "application/json;charset=UTF-8": "Empty"
          },
          "responseTemplates": {
            "application/json;charset=UTF-8": ""
          }
        }
      }
    }
  ],
  "events": [],
  "environment": {
    "SERVERLESS_PROJECT": "${project}",
    "SERVERLESS_STAGE": "${stage}",
    "SERVERLESS_REGION": "${region}",
    "ELASTICSEARCH_ENDPOINT": "${elasticsearchEndpoint}"
  },
  "vpc": {
    "securityGroupIds": [],
    "subnetIds": []
  }
}
